{"imc-0.jpg":{"title":"New iMC","desc":"\u0e23\u0e30\u0e1a\u0e1a\u0e23\u0e49\u0e32\u0e19\u0e04\u0e49\u0e32\u0e21\u0e32\u0e22\u0e04\u0e23\u0e32\u0e1f"},"imc-1.jpg":{"title":"New iMC","desc":"\u0e23\u0e30\u0e1a\u0e1a\u0e23\u0e49\u0e32\u0e19\u0e04\u0e49\u0e32\u0e21\u0e32\u0e22\u0e04\u0e23\u0e32\u0e1f"},"imc-2.jpg":{"title":"New iMC","desc":"\u0e23\u0e30\u0e1a\u0e1a\u0e23\u0e49\u0e32\u0e19\u0e04\u0e49\u0e32\u0e21\u0e32\u0e22\u0e04\u0e23\u0e32\u0e1f"},"imc-3.jpg":{"title":"New iMC","desc":"\u0e23\u0e30\u0e1a\u0e1a\u0e23\u0e49\u0e32\u0e19\u0e04\u0e49\u0e32\u0e21\u0e32\u0e22\u0e04\u0e23\u0e32\u0e1f"}}